{
    "regression": {
        "train": {
            "mae": 0.20498445630073547,
            "rmse": 0.2565614081625526,
            "r2": 0.923311710357666
        },
        "valid": {
            "mae": 0.1992926448583603,
            "rmse": 0.2537437359031997,
            "r2": 0.9210352897644043
        },
        "test": {
            "mae": 0.22664138674736023,
            "rmse": 0.30111731295989674,
            "r2": 0.928554117679596
        }
    },
    "uncertainty": {
        "train": {
            "picp_68": 0.62,
            "picp_95": 0.96,
            "miw_68": 0.48559337854385376,
            "miw_95": 0.957049548625946,
            "nll": -0.019398892298340797,
            "ence": 0.2562927472773339,
            "ece": 0.20600000000000002,
            "miscalibration": 0.11645739525556564,
            "spearman_corr": 0.36662665066026406
        },
        "valid": {
            "picp_68": 0.68,
            "picp_95": 0.96,
            "miw_68": 0.49096083641052246,
            "miw_95": 0.9676283001899719,
            "nll": -0.09704712778329849,
            "ence": 0.24654036442119223,
            "ece": 0.18400000000000002,
            "miscalibration": 0.11555685847997665,
            "spearman_corr": 0.5210564225690276
        },
        "test": {
            "picp_68": 0.66,
            "picp_95": 1.0,
            "miw_68": 0.5594952702522278,
            "miw_95": 1.1027019023895264,
            "nll": -0.05852426588535309,
            "ence": 0.12630454846628472,
            "ece": 0.18600000000000008,
            "miscalibration": 0.12053332477807999,
            "spearman_corr": 0.6052821128451381
        }
    }
}